Epoch,Train Loss,Valid Loss,Valid Dice
1,1.1904550928286033,1.073942782832127,0.07692525024450493
