Epoch,Train Loss,Valid Loss,Valid Dice
1,1.776882198855744,1.6870263079379468,0.03288922446997876
